INSERT INTO recipe (name, ingredients, instructions, gluten_free, featured, image_url) VALUES
('Avocado Egg Breakfast Bowl', 'eggs, avocado, spinach, salt', 
 '1. Crack eggs into a bowl. 2. Whisk eggs and season. 3. Cook eggs in a pan. 4. Assemble with avocado and spinach. 5. Serve immediately.', 
 TRUE, TRUE, 
 'https://d2t88cihvgacbj.cloudfront.net/manage/wp-content/uploads/2018/01/Avocado-Breakfast-Bowls-2.jpg?x94872'), 
('Chicken Stir Fry', 'chicken, broccoli, soy sauce, garlic', 
 '1. Chop chicken and vegetables. 2. Heat pan and add oil. 3. Cook chicken until browned. 4. Add vegetables and stir fry. 5. Toss with soy sauce and serve.', 
 TRUE, TRUE, 
 'https://iowagirleats.com/wp-content/uploads/2025/01/Chicken-and-Broccoli-iowagirleats-Featured.jpg'), 
('Quinoa Veggie Salad', 'quinoa, cucumber, tomato, olive oil', 
 '1. Cook quinoa until fluffy. 2. Chop vegetables. 3. Mix quinoa with vegetables. 4. Drizzle olive oil and season. 5. Chill before serving.', 
 TRUE, TRUE, 'https://www.healthygffamily.com/wp-content/uploads/2018/03/IMG_3666.jpg'), 
('Baked Salmon', 'salmon, lemon, garlic, olive oil', 
 '1. Preheat oven to 375°F (190°C). 2. Season salmon with garlic and lemon. 3. Place on baking tray. 4. Bake 15-20 minutes. 5. Serve with sides.', 
 TRUE, TRUE, 'https://assets.epicurious.com/photos/62d6c5146b6e74298a39d06a/4:3/w_4031,h_3023,c_limit/BakedSalmon_RECIPE_04142022_9780_final.jpg'), 
('Vegetable Omelette', 'eggs, peppers, onions, cheese', 
 '1. Chop vegetables. 2. Whisk eggs and season. 3. Heat pan and sauté vegetables. 4. Pour eggs over vegetables. 5. Cook until set and fold omelette.', 
 TRUE, TRUE, 'https://www.liveeatlearn.com/wp-content/uploads/2020/12/vegetarian-denver-omelette-vert-500x500.jpg'), 
('Zucchini Noodles', 'zucchini, tomato sauce, garlic', 
 '1. Spiralize zucchini. 2. Heat tomato sauce in a pan. 3. Sauté zucchini lightly. 4. Combine with sauce. 5. Serve warm.', 
 TRUE, TRUE, 'https://www.cookingclassy.com/wp-content/uploads/2021/08/zucchini-noodles-04.jpg'), 
('Grilled Fish Tacos', 'fish, corn tortillas, cabbage', 
 '1. Season fish with spices. 2. Grill fish until cooked. 3. Warm tortillas. 4. Assemble tacos with cabbage. 5. Serve with lime.', 
 TRUE, TRUE, 'https://healthstartsinthekitchen.com/wp-content/uploads/2019/01/Grilled-Fish-Tacos-with-Fermented-Cilantro-Kefir-Sauce-Gluten-Free-FEATURE-01.jpg'), 
('Sweet Potato Bowl', 'sweet potato, rice, avocado', 
 '1. Peel and cube sweet potatoes. 2. Roast sweet potatoes. 3. Cook rice. 4. Assemble bowl with avocado. 5. Drizzle dressing and serve.', 
 TRUE, TRUE, 'https://www.thissavoryvegan.com/wp-content/uploads/2023/11/sweet-potato-couscous-bowls-2.jpg'), 
('Caprese Salad', 'tomato, mozzarella, basil', 
 '1. Slice tomatoes and mozzarella. 2. Arrange on plate. 3. Add basil leaves. 4. Drizzle olive oil and balsamic. 5. Serve chilled.', 
 TRUE, TRUE, 'https://cdn.apartmenttherapy.info/image/upload/f_jpg,q_auto:eco,c_fill,g_auto,w_1500,ar_1:1/k%2Farchive%2F3b432b41ce04c96a08d77befa42b9881a587a436'), 
('Cobb Salad', 'chicken, bacon, lettuce, egg', 
 '1. Cook chicken and bacon. 2. Hard boil eggs. 3. Chop lettuce. 4. Assemble salad with all ingredients. 5. Serve with dressing.', 
 TRUE, TRUE, 'https://www.allrecipes.com/thmb/lUCXnzWTl9WOQ9NRAT08hA4O2lE=/1500x0/filters:no_upscale():max_bytes(150000):strip_icc()/14415-cobb-salad-DDMFS-4x3-608ba9c5768b49079eb75fe9a9898307.jpg'), 
('Classic Pancakes', 'flour, milk, eggs, sugar', 'Mix batter and cook on griddle.', FALSE, FALSE, 'https://hips.hearstapps.com/hmg-prod/images/best-homemade-pancakes-index-640775a2dbad8.jpg?crop=0.6667877686951256xw:1xh;center,top&resize=1200:*'),
('Beef Tacos', 'beef, tortillas, lettuce, cheese', 'Cook beef and assemble tacos.', FALSE, FALSE, 'https://kaylacappiello.com/wp-content/uploads/2025/01/Ground-beef-Gluten-Free-Tacos-.jpeg'),
('Spaghetti Marinara', 'gluten free spaghetti, tomato sauce, garlic', 'Cook pasta and mix with sauce.', TRUE, FALSE, 'https://grainfreetable.com/wp-content/uploads/2022/08/5-cheese-marinara-7.jpg'),
('Chicken Caesar Wrap', 'chicken, tortilla, lettuce, dressing', 'Wrap chicken and lettuce.', TRUE, FALSE, 'https://encrypted-tbn0.gstatic.com/images?q=tbn:ANd9GcTig0_aNXc7OysVhJ2dmjmhSymHFo_EdDpzmw&s'),
('Shrimp Fried Rice', 'rice, shrimp, soy sauce, eggs', 'Stir fry shrimp and rice.', TRUE, FALSE, 'https://christieathome.com/wp-content/uploads/2021/01/Shrimp-Fried-Rice-10.jpg'),
('Lentil Soup', 'lentils, carrots, onion, garlic', 'Simmer lentils with vegetables.', TRUE, FALSE, 'https://www.allrecipes.com/thmb/mVE0x7bzey6DPJFBBXDoI_rBrkw=/0x512/filters:no_upscale():max_bytes(150000):strip_icc()/13978-lentil-soup-DDMFS-4x3-edfa47fc6b234e6b8add24d44c036d43.jpg'),
('Turkey Sandwich', 'turkey, gluten free bread, lettuce, mayo', 'Assemble sandwich.', TRUE, FALSE, 'https://www.sheknows.com/wp-content/uploads/2018/12/turkey-sandwich_kihs7n.jpeg'),
('Grilled Chicken Salad', 'chicken, lettuce, dressing', 'Grill chicken and toss salad.', TRUE, FALSE, 'https://static.toiimg.com/thumb/61831141.cms?imgsize=664042&width=800&height=800'),
('Mac and Cheese', 'gluten free macaroni, cheese, milk, butter', 'Cook pasta and mix cheese sauce.', FALSE, FALSE, 'https://www.texanerin.com/content/uploads/2021/10/gluten-free-mac-and-cheese-photo.jpg'),
('Veggie Pizza', 'gluten free pizza dough, tomato sauce, vegetables', 'Bake assembled pizza.', FALSE, FALSE, 'https://www.glutenfreealchemist.com/wp-content/uploads/2023/08/gluten-free-pizza-new-york-style-FI-scaled.jpg'),
('Thai Peanut Noodles', 'rice noodles, peanut sauce, vegetables', 'Cook noodles and mix sauce.', TRUE, FALSE, 'https://encrypted-tbn0.gstatic.com/images?q=tbn:ANd9GcR2dJdWLjZB1A06JbnTNM_-y9ZdX7JZcq0ULw&s'),
('Beef Burger', 'beef patty, bun, lettuce, tomato', 'Grill patty and assemble burger.', FALSE, FALSE, 'https://bigmamafoods.com/cdn/shop/articles/IMG_4485.jpg?v=1747234615'),
('Chicken Alfredo', 'gluten free pasta, chicken, cream sauce', 'Cook pasta and combine with chicken.', TRUE, FALSE, 'https://www.peelwithzeal.com/wp-content/uploads/2024/03/Gluten-Free-chicken-Alfredo.jpg'),
('Stuffed Bell Peppers', 'peppers, rice, beef, cheese', 'Stuff peppers and bake.', TRUE, FALSE, 'https://hips.hearstapps.com/hmg-prod/images/stuffed-peppers-recipe-2-6594706a0a63b.jpg?crop=0.8888888888888888xw:1xh;center,top&resize=1200:*'),
('Breakfast Burrito', 'eggs, corn tortilla, beans, cheese', 'Fill tortilla and wrap.', FALSE, FALSE, 'https://encrypted-tbn0.gstatic.com/images?q=tbn:ANd9GcSiW5e2PNJIvuicvsdXX7STOwTSVlmMq8m91w&s'),
('Chicken Noodle Soup', 'chicken, noodles, carrots', 'Simmer chicken and vegetables.', FALSE, FALSE, NULL),
('Grilled Steak', 'steak, salt, pepper', 'Grill steak to desired doneness.', TRUE, FALSE, 'https://mccormick.widen.net/content/ary8ad7i8i/jpeg/savory_montreal_steak_rub_6875.jpg?crop=true&anchor=0,0&q=80&color=ffffffff&u=xveud9&w=2048&h=1365'),
('Vegetable Curry', 'mixed vegetables, coconut milk, spices', 'Cook vegetables with curry sauce.', TRUE, FALSE, 'https://www.indianhealthyrecipes.com/wp-content/uploads/2023/07/vegetable-curry-recipe.jpg'),
('Ham and Cheese Sandwich', 'ham, cheese, bread', 'Assemble sandwich.', FALSE, FALSE, NULL),
('Shrimp Tacos', 'shrimp, corn tortillas, cabbage', 'Cook shrimp and assemble tacos.', TRUE, FALSE, NULL),
('Rice and Beans', 'rice, beans, spices', 'Cook rice and beans together.', TRUE, FALSE, NULL),
('Chicken Parmesan', 'chicken, breadcrumbs, tomato sauce', 'Bread chicken and bake with sauce.', FALSE, FALSE, NULL),
('Greek Salad', 'cucumber, tomato, feta, olives', 'Mix vegetables and cheese.', TRUE, FALSE, 'https://www.simplyrecipes.com/thmb/0NrKQlJ691l6L9tZXpL06uOuWis=/1500x0/filters:no_upscale():max_bytes(150000):strip_icc()/Simply-Recipes-Easy-Greek-Salad-LEAD-2-4601eff771fd4de38f9722e8cafc897a.jpg'),
('Vegetable Fried Rice', 'rice, vegetables, soy sauce', 'Stir fry rice with vegetables.', FALSE, FALSE, NULL),
('Baked Chicken Thighs', 'chicken thighs, garlic, spices', 'Bake seasoned chicken.', TRUE, FALSE, 'https://www.spoonforkbacon.com/wp-content/uploads/2020/09/oven-baked-chicken-thighs-recipe-card.jpg'),
('Egg Fried Rice', 'rice, eggs, soy sauce', 'Stir fry rice and eggs.', FALSE, FALSE, NULL),
('Spinach Pasta', 'pasta, spinach, garlic', 'Cook pasta and mix spinach.', FALSE, FALSE, NULL),
('Roasted Veggie Bowl', 'vegetables, quinoa, olive oil', 'Roast vegetables and combine.', TRUE, FALSE, NULL),
('Chicken Quesadilla', 'chicken, tortilla, cheese', 'Grill filled tortilla.', FALSE, FALSE, NULL),
('Tomato Basil Soup', 'tomatoes, basil, garlic', 'Simmer tomatoes and blend.', TRUE, FALSE, 'https://www.cubesnjuliennes.com/wp-content/uploads/2022/09/Tomato-Basil-Soup-Recipe.jpg'),
('Beef Chili', 'beef, beans, chili powder', 'Simmer beef and beans.', TRUE, FALSE, 'https://www.thespruceeats.com/thmb/Ml2D_7b2-QrY7cJhGUmySrbh-WQ=/1500x0/filters:no_upscale():max_bytes(150000):strip_icc()/easy-ground-beef-chili-3053290-7-5b3f8cff46e0fb00375b1d6a.jpg'),
('Egg Salad', 'eggs, mayo, mustard', 'Mix chopped eggs and dressing.', TRUE, FALSE, NULL),
('Chicken Tikka', 'chicken, yogurt, spices', 'Marinate and grill chicken.', TRUE, FALSE, NULL),
('Garlic Butter Shrimp', 'shrimp, butter, garlic', 'Cook shrimp in butter.', TRUE, FALSE, 'https://encrypted-tbn0.gstatic.com/images?q=tbn:ANd9GcTHFiYHDygWnm3VicrFbW_xZAD-pTSNh91IoQ&s'),
('BBQ Pulled Pork Sandwich', 'pork, BBQ sauce, bun', 'Slow cook pork and assemble.', FALSE, FALSE, NULL),
('Vegetable Lasagna', 'lasagna noodles, vegetables, cheese', 'Layer ingredients and bake.', FALSE, FALSE, NULL),
('Avocado Toast', 'bread, avocado, salt', 'Toast bread and spread avocado.', FALSE, FALSE, NULL),
('Grilled Halloumi Salad', 'halloumi, lettuce, tomato', 'Grill cheese and mix salad.', TRUE, FALSE, 'https://www.annogdengaffney.com/wp-content/uploads/2021/04/Halloumi-Salad-2000x1947.jpeg'),
('Chicken Rice Bowl', 'chicken, rice, vegetables', 'Cook chicken and assemble bowl.', TRUE, FALSE, NULL);

INSERT INTO restaurant (name, location, cuisine_type, gluten_free, featured, celiac_certified, image_url)
VALUES
    ('Riz Gluten-Free Asian Kitchen', '3471 Yonge St, North York, Toronto, ON', 'Asian', TRUE, TRUE, TRUE, 'https://img1.wsimg.com/isteam/ip/93931ff2-b781-4044-852e-209e442baf22/RGF%20(3).jpg/:/cr=t:0%25,l:0%25,w:100%25,h:100%25/rs=w:984,h:984'),
    ('Almond Butterfly Bistro', '792 Dundas St W, Toronto, ON', 'Canadian', TRUE, TRUE, TRUE, 'https://images.squarespace-cdn.com/content/v1/5b57c2529d5abb949b8e25a4/ddb0494f-7174-4c61-b1ee-cff6eb5d37b0/blade.sign.2.jpg?format=2500w'),
    ('Almond Butterfly Bakeshop & Cafe', '100 Harbord St, Toronto, ON', 'Bakery/Cafe', TRUE, FALSE, TRUE, 'https://images.squarespace-cdn.com/content/v1/5b57c2529d5abb949b8e25a4/ebe9094f-3ea8-4c6c-8fcf-97716dc60a69/harbord.people.stools.jpg?format=1500w'),
    ('El Pocho Antojitos Bar', '2 Follis Ave, Toronto, ON', 'Mexican', TRUE, TRUE, TRUE, 'https://encrypted-tbn0.gstatic.com/images?q=tbn:ANd9GcTtgzGPWZAUWbfs-Z6-ychCccDHYyOS9oMWAFDqSO1Lag&s'),
    ('Bunners Bakeshop', '244 Augusta Ave, Toronto, ON', 'Bakery', TRUE, TRUE, TRUE, 'https://dynamic-media-cdn.tripadvisor.com/media/photo-o/2d/72/fb/af/caption.jpg?w=500&h=-1&s=1'),
    ('The Dirty Bird Chicken & Waffles', '79 Kensington Ave, Toronto, ON', 'American', TRUE, FALSE, FALSE, 'https://dynamic-media-cdn.tripadvisor.com/media/photo-o/1c/62/4c/96/photo0jpg.jpg?w=1200&h=-1&s=1'),
    ('Riz on St. Clair', '760 St. Clair Ave W, Toronto, ON', 'Asian', TRUE, FALSE, TRUE, 'https://www.rizonstclair.com/wp-content/uploads/2020/07/riz-stclair-patio-1.jpg'),
    ('Barque Smokehouse', '299 Roncesvalles Ave, Toronto, ON', 'BBQ', TRUE, FALSE, FALSE, 'https://roncesvallesvillage.ca/wp-content/uploads/2019/08/Barque-Exterior.jpg'),
    ('Bangkok Garden', '18 Elm St, Toronto, ON', 'Thai', TRUE, FALSE, FALSE, 'https://media.blogto.com/uploads/2023/01/13/1673621395-20230110-BangkokGarden-1.jpg'),
    ('The Basil Box', '460 Yonge St, Toronto, ON', 'Southeast Asian', TRUE, FALSE, FALSE, 'https://farm5.staticflickr.com/4213/35785346261_f0a1e270e5_o.jpg'),
    ('Senla Vietnamese', '133 Richmond St W, Toronto, ON', 'Vietnamese', TRUE, TRUE, TRUE, 'https://dynamic-media-cdn.tripadvisor.com/media/photo-o/30/37/ea/6e/soupe-de-nouilles-de.jpg?w=1200&h=1200&s=1'),
    ('Impact Kitchen Corktown', '573 King St E, Toronto, ON', 'Health/Bowls', TRUE, FALSE, TRUE, 'https://wanderingcarol.com/wp-content/uploads/2018/10/Where-to-eat-in-East-Toronto-Impact-Kitchen-.jpg'),
    ('Impact Kitchen King West', '444 Adelaide St W, Toronto, ON', 'Health/Bowls', TRUE, FALSE, TRUE, 'https://retailinsider.b-cdn.net/wp-content/uploads/2018/06/ImpactKitchen-1-696x464.jpeg'),
    ('Kupfert & Kim', '100 King St W, Toronto, ON', 'Plant-Based', TRUE, FALSE, TRUE, 'https://torontolife.mblycdn.com/tl/resized/2015/12/w1280/toronto-new-vegan-restaurants-kupfert-and-kim-queen-west-exterior.jpg'),
    ('On Third Thought', '6 Markham St, Toronto, ON', 'Dessert/Gelato', TRUE, FALSE, TRUE, 'https://media.blogto.com/uploads/2021/06/04/1622823923-20210306-OnThirdThought-18.jpg?w=1400&cmd=resize&height=2500&quality=70'),
    ('Playa Cabana', '111 Dupont St, Toronto, ON', 'Mexican', TRUE, FALSE, FALSE, 'https://smartcdn.gprod.postmedia.digital/nationalpost/wp-content/uploads/2011/06/cabana.jpg'),
    ('Byblos Downtown', '11 Duncan St, Toronto, ON', 'Mediterranean', TRUE, FALSE, FALSE, 'https://fortwoplz.com/wp-content/uploads/2016/08/Byblos-Toronto-11.jpg'),
    ('Bar Isabel', '797 College St, Toronto, ON', 'Spanish', TRUE, FALSE, FALSE, 'https://www.chuonthis.ca/wp-content/uploads/2022/05/Bar-Isabel-4-1024x683.jpg'),
    ('Volos Greek Cuisine', '133 Richmond St W, Toronto, ON', 'Greek', TRUE, FALSE, FALSE, 'https://lh3.googleusercontent.com/gps-cs-s/AHVAwepkwaG7pNAXEBv6l5L-CtPsPQit_NDRCZOjxl2FP2QvM-yE61EPpyyKDi7YpAYk70PuU-u0K54IvFvPp1mZiYw9Io4LFfVWSNKYp532y-f3smcU9Xt0lenRf_U4f9lA_1h98h87SUDj5y8=s680-w680-h510-rw'),
    ('Barque Smokehouse Roncesvalles', '299 Roncesvalles Ave, Toronto, ON', 'BBQ', TRUE, FALSE, FALSE, 'https://cdn.restaurants-info.com/barquesmokehouse/24895-albums-1.jpg');

INSERT INTO users (username, password, email, year_joined, is_admin) VALUES ('john_doe', 'hello-johnDoe:)', 'john@Doe.com', 2026, false);
INSERT INTO users (username, password, email, year_joined, is_admin) VALUES ('jane_smith', 'password123', 'jane@smith.com', 2026, false);
INSERT INTO users (username, password, email, year_joined, is_admin) VALUES ('duncan_volk', 'goat', 'duncanvolk@rogers.com', 2026, true);
INSERT INTO users (username, password, email, year_joined, is_admin) VALUES ('alice_johnson', 'alice2026', 'alice@johnson.com', 2026, false);
INSERT INTO users (username, password, email, year_joined, is_admin) VALUES ('bob_brown', 'bob2026', 'bob@brown.com', 2026, false);



INSERT INTO restaurant_review (username, rating, text, restaurant_id, date) VALUES
('john_doe', 9, 'Excellent food and great service!', 1, '2026-03-20'),
('jane_smith', 7, 'Really enjoyed the atmosphere.', 1, '2026-03-21'),
('alice_johnson', 10, 'Best gluten-free spot I have tried!', 1, '2026-03-22'),
('bob_brown', 8, 'Very cozy and delicious.', 2, '2026-03-20'),
('duncan_volk', 9, 'Amazing brunch options!', 2, '2026-03-21'),
('john_doe', 6, 'Decent but a bit pricey.', 3, '2026-03-20'),
('jane_smith', 8, 'Nice selection of baked goods.', 3, '2026-03-21'),
('alice_johnson', 9, 'Loved everything I tried.', 3, '2026-03-22'),
('bob_brown', 7, 'Would definitely come back.', 3, '2026-03-23'),
('duncan_volk', 10, 'Fantastic Mexican flavors!', 4, '2026-03-20'),
('john_doe', 8, 'Great gluten-free tacos.', 4, '2026-03-21'),
('alice_johnson', 9, 'Best vegan desserts ever.', 5, '2026-03-20'),
('bob_brown', 7, 'Super fresh and tasty.', 5, '2026-03-21'),
('jane_smith', 10, 'Everything was perfect.', 5, '2026-03-22'),
('john_doe', 8, 'Crispy and flavorful.', 6, '2026-03-20'),
('alice_johnson', 6, 'Good but a bit greasy.', 6, '2026-03-21');

INSERT INTO recipe_review (username, rating, text, recipe_id, date) VALUES
('john_doe', 10, 'Super easy and delicious!', 1, '2026-03-20'),
('jane_smith', 8, 'Great breakfast option.', 1, '2026-03-21'),
('alice_johnson', 9, 'Loved the avocado combo.', 1, '2026-03-22'),
('bob_brown', 9, 'Perfect stir fry recipe.', 2, '2026-03-20'),
('duncan_volk', 7, 'Quick and tasty.', 2, '2026-03-21'),
('john_doe', 6, 'Pretty good overall.', 3, '2026-03-20'),
('jane_smith', 8, 'Very refreshing salad.', 3, '2026-03-21'),
('alice_johnson', 10, 'Healthy and delicious.', 3, '2026-03-22'),
('bob_brown', 7, 'Nice and light meal.', 3, '2026-03-23'),
('duncan_volk', 9, 'Salmon turned out perfect.', 4, '2026-03-20'),
('john_doe', 8, 'Very flavorful.', 4, '2026-03-21'),
('alice_johnson', 9, 'Loved the omelette!', 5, '2026-03-20'),
('bob_brown', 7, 'Great for breakfast.', 5, '2026-03-21'),
('jane_smith', 10, 'Will make again.', 5, '2026-03-22'),
('john_doe', 8, 'Nice low-carb option.', 6, '2026-03-20'),
('alice_johnson', 6, 'Good but needed seasoning.', 6, '2026-03-21'),
('bob_brown', 10, 'Tacos were amazing!', 7, '2026-03-20'),
('jane_smith', 8, 'Really tasty.', 7, '2026-03-21'),
('duncan_volk', 9, 'Will cook again soon.', 7, '2026-03-22'),
('john_doe', 7, 'Sweet potatoes were great.', 8, '2026-03-20'),
('alice_johnson', 10, 'Perfect meal prep dish.', 8, '2026-03-21'),
('bob_brown', 9, 'Simple and delicious.', 9, '2026-03-20'),
('jane_smith', 8, 'Fresh ingredients really shine.', 9, '2026-03-21'),
('duncan_volk', 10, 'Loved the flavor combo.', 9, '2026-03-22'),
('john_doe', 8, 'Very filling salad.', 10, '2026-03-20'),
('alice_johnson', 10, 'One of my favorites now!', 10, '2026-03-21'),
('bob_brown', 8, 'Good but a bit heavy.', 12, '2026-03-22');

INSERT INTO menu_item (item_name, description, celiac_certified, restaurant_id) VALUES
('Pad Thai', 'Classic rice noodles with shrimp, peanuts, and tamarind sauce', TRUE, 1),
('Teriyaki Bowl', 'Grilled chicken over jasmine rice with teriyaki glaze', TRUE, 1),
('Mango Sticky Rice', 'Sweet glutinous rice with fresh mango and coconut cream', TRUE, 1),

('Eggs Benedict', 'Poached eggs on a gluten-free english muffin with hollandaise', TRUE, 2),
('Avocado Toast', 'Gluten-free sourdough with smashed avocado and microgreens', TRUE, 2),
('Buttermilk Pancakes', 'Fluffy gluten-free pancakes with maple syrup and fresh berries', TRUE, 2),

('Vegan Chocolate Cake', 'Rich and moist chocolate cake made with gluten-free flour', TRUE, 3),
('Gluten-Free Croissant', 'Flaky and buttery croissant made without gluten', TRUE, 3),
('Almond Butter Muffin', 'Moist muffin made with almond butter and gluten-free flour', TRUE, 3),

('Chicken Tacos', 'Grilled chicken with fresh salsa and corn tortillas', TRUE, 4),
('Fish Tacos', 'Crispy fish with cabbage slaw and lime crema in corn tortillas', TRUE, 4),
('Veggie Tacos', 'Roasted vegetables with avocado and salsa in corn tortillas', TRUE, 4),

('Vegan Brownie', 'Fudgy brownie made with gluten-free flour and no animal products', TRUE, 5),
('Gluten-Free Cookie', 'Chewy cookie made without gluten', TRUE, 5),
('Lemon Bar', 'Tangy lemon bar with a gluten-free crust', TRUE, 5);

